"Id";"Designator";"Package";"Quantity";"Designation";"Supplier and ref";
1;"H4";"MountingHole_3.2mm_M3";1;"Battery Module Mount1";;;
2;"H5";"MountingHole_3.2mm_M3";1;"Battery Module Mount2";;;
3;"U9";"16340_BATTERY_SHIELD";1;"Battery Module";;;
4;"H3,H2";"MountingHole_4.3mm_M4";2;"MountingHole";;;
5;"U6,U5";"HEADER5PIN";2;"Conn_01x05";;;
6;"U8";"QWIIC CONNECTOR";1;"Spark Fun QWIIC";;;
7;"JP2,JP1";"HEADER6PIN";2;"Conn_01x06";;;
8;"U1";"Adafruit_Feather2";1;"Adafruit_Feather_HUZZAH32_ESP32";;;
9;"J1";"SHDR2W50P0X200_1X2_590X450X600P";1;"Conn_01x02";;;
10;"U2";"2.8IN-ILI9341-SPI-LCD";1;"TFT_TOUCH_LCD_SPI_2.8IN";;;
11;"H1";"MountingHole_12.03mm";1;"MountingHole";;;
12;"U3";"MICROBIT_EDGE";1;"Micro:Bit_Edge_Connector";;;
13;"U4";"HEADER 1X7PIN MALE";1;"Conn_01x07";;;
14;"U7";"2X2";1;"Conn_02x02_Top_Bottom";;;
